<?xml version="1.0" encoding="UTF-8"?>
<beans xmlns="http://www.springframework.org/schema/beans"
	xmlns:xsi="http://www.w3.org/2001/XMLSchema-instance"
	xmlns:context="http://www.springframework.org/schema/context"
	xmlns:p="http://www.springframework.org/schema/p"
	xmlns:security="http://www.springframework.org/schema/security"
	xmlns:mvc="http://www.springframework.org/schema/mvc"
	xmlns:tx="http://www.springframework.org/schema/tx"
	xsi:schemaLocation="http://www.springframework.org/schema/security http://www.springframework.org/schema/security/spring-security-3.0.4.xsd
		http://www.springframework.org/schema/integration/security http://www.springframework.org/schema/integration/security/spring-integration-security-1.0.xsd
		http://www.springframework.org/schema/mvc http://www.springframework.org/schema/mvc/spring-mvc-4.3.xsd
		http://www.springframework.org/schema/beans http://www.springframework.org/schema/beans/spring-beans.xsd
		http://www.springframework.org/schema/context http://www.springframework.org/schema/context/spring-context-3.1.xsd
		http://www.springframework.org/schema/tx http://www.springframework.org/schema/tx/spring-tx-4.3.xsd">

<context:annotation-config></context:annotation-config>
<context:component-scan base-package="com.softra"></context:component-scan>
<mvc:annotation-driven></mvc:annotation-driven>
<tx:annotation-driven transaction-manager="transactionManager"/>

<bean id="viewResolver" class="org.springframework.web.servlet.view.InternalResourceViewResolver">
 <property name="prefix" value="/jsps/"></property>
 <property name="suffix" value=".jsp"></property>
</bean>


<bean class="org.springframework.web.servlet.handler.SimpleMappingExceptionResolver">
<property name="exceptionMappings">
<props>
<prop key="java.lang.RuntimeException">error</prop>
</props>
</property>
</bean>


<bean id="messageSource" class="org.springframework.context.support.ResourceBundleMessageSource">
	<property name="basenames">
		<list>
			<value>errormessages</value>
			<value>messages</value>
		</list>
	</property>
</bean>

<bean id="localeResolver" class="org.springframework.web.servlet.i18n.SessionLocaleResolver">
	<property name="defaultLocale" value="en"></property>
</bean>


<bean id="ds" class="org.springframework.jdbc.datasource.DriverManagerDataSource">
  <property name="driverClassName" value="com.mysql.jdbc.Driver"></property>
  <property name="url" value="jdbc:mysql://localhost:3306/springjdbc" ></property>
  <property name="username" value="root"></property>
  <property name="password" value="root"></property>
</bean>

<bean id="template" class="org.springframework.jdbc.core.JdbcTemplate">
   <property name="dataSource" ref="ds"></property>
</bean>


<bean id="entityManagerFactory" class="org.springframework.orm.jpa.LocalContainerEntityManagerFactoryBean">
  <property name="dataSource" ref="ds"></property>
  <property name="packagesToScan" value="com.softra"></property>
  <property name="persistenceProviderClass" value="org.hibernate.jpa.HibernatePersistenceProvider"></property>
  <property name="jpaPropertyMap">
  <map>
      <entry key="hibernate.dialect" value="org.hibernate.dialect.MySQL5Dialect"/>
      <entry key="hibernate.hbm2ddl.auto" value="update"/>
  </map>
  </property>
</bean>

<bean id="transactionManager" class="org.springframework.orm.jpa.JpaTransactionManager">
   <property name="entityManagerFactory" ref="entityManagerFactory"></property>
</bean>


<!--  
<security:http auto-config="true">
 <security:intercept-url pattern="/saveemp*" access="ROLE_USER"/>
</security:http>

<security:authentication-manager>
	<security:authentication-provider>
	
		<security:user-service>
			
			<security:user name="nag"  password="nag" authorities="ROLE_USER"/>
			
		</security:user-service>
	</security:authentication-provider>
</security:authentication-manager>
-->


</beans>
