<?xml version="1.0" encoding="UTF-8"?>
<beans xmlns="http://www.springframework.org/schema/beans"
	xmlns:xsi="http://www.w3.org/2001/XMLSchema-instance"
	xmlns:util="http://www.springframework.org/schema/util"
	xsi:schemaLocation="http://www.springframework.org/schema/beans http://www.springframework.org/schema/beans/spring-beans.xsd
		http://www.springframework.org/schema/util http://www.springframework.org/schema/util/spring-util-4.3.xsd">

   <bean id="rs" class="com.softra.ReportService" init-method="doinit" 
                 destroy-method="close">
      <!--  <property name="filename" value="C:\\Data\\abc.txt"></property> -->
      <property name="filename" value="#{prop['filepath']}"></property>
   </bean>
   
   <util:properties id="prop" location="classpath:config.properties">
   </util:properties>

</beans>
