<?xml version="1.0" encoding="UTF-8"?>
<beans xmlns="http://www.springframework.org/schema/beans"
	xmlns:xsi="http://www.w3.org/2001/XMLSchema-instance"
	xmlns:aop="http://www.springframework.org/schema/aop"
	xmlns:context="http://www.springframework.org/schema/context"
	xsi:schemaLocation="http://www.springframework.org/schema/beans http://www.springframework.org/schema/beans/spring-beans.xsd
		http://www.springframework.org/schema/aop http://www.springframework.org/schema/aop/spring-aop-3.1.xsd
		http://www.springframework.org/schema/context http://www.springframework.org/schema/context/spring-context-3.1.xsd">

<context:annotation-config></context:annotation-config>

<bean id="service" class="com.softra.EmployeeService"></bean>
<bean id="dao" class="com.softra.EmployeeDao"></bean>

<bean id="loggingAspect" class="com.softra.LoggingAspect"></bean>

<aop:config>
	<aop:pointcut expression="execution(* *.save*(..))" id="mypointcut"/>

	<aop:aspect ref="loggingAspect">
		<aop:before method="logBefore" pointcut-ref="mypointcut"/>
		<aop:after-returning method="logAfter" returning="r" pointcut-ref="mypointcut"  />
	</aop:aspect>
</aop:config>

<bean id="ds" class="org.springframework.jdbc.datasource.DriverManagerDataSource">
  <property name="driverClassName" value="com.mysql.jdbc.Driver"></property>
  <property name="url" value="jdbc:mysql://localhost:3306/springjdbc" ></property>
  <property name="username" value="root"></property>
  <property name="password" value="root"></property>
</bean>

<bean id="template" class="org.springframework.jdbc.core.JdbcTemplate">
   <property name="dataSource" ref="ds"></property>
</bean>

</beans>
